Method,Precision,Recall,F1,AUC-ROC
DA-HGNN only,0.02702702702702703,0.0625,0.03773584905660377,0.41457528957528955
GAE+ML only,0.0053475935828877,0.1875,0.010398613518197574,0.3479126447876448
Naive Average,0.007042253521126761,0.0625,0.012658227848101266,0.3389237451737452
Meta-Learner,0.0,0.0,0.0,0.648739140926641
Attention Fusion,0.2,0.4375,0.27450980392156865,0.8503257722007722
