Method,Precision,Recall,F1,AUC-ROC
DA-HGNN only,0.0,0.0,0.0,0.04709800190294955
GAE+ML only,0.001899335232668566,1.0,0.0037914691943127963,0.4333967649857279
Naive Average,0.0,0.0,0.0,0.3501427212178877
Meta-Learner,0.0,0.0,0.0,0.43482397716460514
Attention Fusion,0.001937984496124031,1.0,0.0038684719535783366,0.873453853472883
